Date,Open,High,Low,Close,Volume,Name
2017-07-03,111.03,111.18,109.86,110.99,291700,ARE
2017-07-05,110.99,111.68,110.16,110.44,538300,ARE
2017-07-06,110.33,110.6,108.42,108.42,444600,ARE
2017-07-07,108.42,108.88,108.02,108.77,399400,ARE
2017-07-10,108.95,109.51,107.56,107.56,367300,ARE
2017-07-11,107.79,108.5,106.63,108.14,437600,ARE
2017-07-12,108.86,109.99,108.48,109.25,458800,ARE
2017-07-13,109.37,109.66,108.83,108.95,315900,ARE
2017-07-14,108.99,110.2,108.99,110.15,273100,ARE
2017-07-17,110.13,111.25,108.68,111.15,323300,ARE
2017-07-18,111.16,111.29,110.17,110.76,387400,ARE
2017-07-19,110.95,112.11,110.71,112.03,343600,ARE
2017-07-20,112.02,113.03,111.91,112.02,556100,ARE
2017-07-21,111.98,112.71,110.54,111.03,742200,ARE
2017-07-24,111.02,111.35,110.57,110.59,788700,ARE
2017-07-25,110.88,111.2,109.93,110.24,435000,ARE
2017-07-26,110.38,111.15,109.77,110.87,327500,ARE
2017-07-27,110.55,111.16,109.79,110.9,410900,ARE
2017-07-28,110.88,111.35,110.26,110.48,381900,ARE
2017-07-31,110.82,111.29,110.12,111.26,466300,ARE
2017-08-01,111.67,113.69,110.57,111.04,538600,ARE
2017-08-02,110.61,111.32,110.15,110.59,312000,ARE
2017-08-03,110.43,111.8,109.69,110.83,388600,ARE
2017-08-04,110.96,112.14,110.36,110.68,353800,ARE
2017-08-07,110.72,110.78,109.7,110.65,331700,ARE
2017-08-08,110.11,111.02,109.9,110.68,369600,ARE
2017-08-09,110.66,111.41,110.48,110.88,278800,ARE
2017-08-10,110.67,110.79,109.77,110.01,352100,ARE
2017-08-11,109.82,110.47,109.24,109.7,296600,ARE
2017-08-14,110.17,112.05,110.17,111.71,350400,ARE
2017-08-15,111.45,111.63,110.79,111.47,394500,ARE
2017-08-16,111.7,112.11,111.37,111.86,375200,ARE
2017-08-17,111.82,112.55,111.63,111.65,350400,ARE
2017-08-18,111.39,111.39,109.58,110.12,565900,ARE
2017-08-21,110.37,111.22,110.05,111.12,595300,ARE
2017-08-22,111.08,111.48,109.96,110.17,640600,ARE
2017-08-23,110.14,111.2,109.83,110.99,725300,ARE
2017-08-24,111.24,112.25,111.02,111.28,1282100,ARE
2017-08-25,111.86,111.95,110.57,110.57,485000,ARE
2017-08-28,110.76,110.91,109.1,109.47,772200,ARE
2017-08-29,109.53,110.23,108.86,108.88,705700,ARE
2017-08-30,108.79,110.0,108.16,109.57,911400,ARE
2017-08-31,109.86,111.79,109.68,111.32,1033900,ARE
2017-09-01,111.37,111.91,110.82,111.31,382500,ARE
2017-09-05,111.44,111.98,110.12,110.53,792000,ARE
2017-09-06,110.98,111.8,109.81,110.47,613700,ARE
2017-09-07,110.58,111.27,109.85,110.21,526200,ARE
2017-09-08,110.14,110.5,108.65,109.53,1163900,ARE
2017-09-11,110.12,110.86,109.97,110.45,917900,ARE
2017-09-12,110.64,111.23,109.55,110.12,583300,ARE
2017-09-13,109.9,110.22,109.06,109.6,876100,ARE
2017-09-14,109.58,111.09,109.25,110.88,663400,ARE
2017-09-15,110.58,111.12,109.92,110.59,2231400,ARE
2017-09-18,110.59,111.08,110.01,110.5,858900,ARE
2017-09-19,110.5,110.66,109.29,110.12,745600,ARE
2017-09-20,110.12,110.75,108.81,109.52,538100,ARE
2017-09-21,109.67,110.11,108.94,109.51,885500,ARE
2017-09-22,109.74,110.21,108.06,108.34,805800,ARE
2017-09-25,108.55,109.59,108.3,109.01,860500,ARE
2017-09-26,109.1,109.49,108.68,109.34,479200,ARE
2017-09-27,108.86,109.34,107.4,107.88,626700,ARE
2017-09-28,108.14,108.77,107.47,108.6,458300,ARE
2017-09-29,108.58,110.02,108.3,109.98,771600,ARE
2017-10-02,110.18,110.75,109.59,109.76,591900,ARE
2017-10-03,110.01,110.41,109.48,109.93,550900,ARE
2017-10-04,109.99,111.1,109.64,110.94,458900,ARE
2017-10-05,111.05,111.74,111.01,111.28,253900,ARE
2017-10-06,110.85,111.51,109.7,111.34,377300,ARE
2017-10-09,111.27,112.05,111.17,111.81,465100,ARE
2017-10-10,112.03,112.66,111.78,112.6,616500,ARE
2017-10-11,112.87,113.57,112.55,113.25,455800,ARE
2017-10-12,113.3,114.29,113.23,114.27,463700,ARE
2017-10-13,114.88,114.97,113.82,114.31,488700,ARE
2017-10-16,114.14,115.08,113.71,114.16,529500,ARE
2017-10-17,113.81,114.73,113.71,114.72,666400,ARE
2017-10-18,114.26,114.6,113.44,113.86,578600,ARE
2017-10-19,114.21,114.21,113.03,114.03,588400,ARE
2017-10-20,114.11,114.11,112.48,113.02,727800,ARE
2017-10-23,113.31,113.54,112.55,112.74,372600,ARE
2017-10-24,112.45,113.32,112.25,112.84,425800,ARE
2017-10-25,112.72,113.49,112.18,112.79,557400,ARE
2017-10-26,113.47,113.47,111.87,112.53,466300,ARE
2017-10-27,112.39,113.67,112.38,112.92,491200,ARE
2017-10-30,112.79,113.01,112.05,112.52,408900,ARE
2017-10-31,112.11,114.77,111.56,114.59,629300,ARE
2017-11-01,115.25,116.21,114.56,115.74,630800,ARE
2017-11-02,115.72,116.46,115.07,115.14,508800,ARE
2017-11-03,114.6,116.32,113.93,115.83,414100,ARE
2017-11-06,115.73,116.95,115.73,116.17,452700,ARE
2017-11-07,116.21,117.05,115.72,116.53,602900,ARE
2017-11-08,116.22,117.29,116.22,116.69,367800,ARE
2017-11-09,116.37,117.02,115.98,116.57,331200,ARE
2017-11-10,116.06,117.09,116.06,117.07,304000,ARE
2017-11-13,117.41,117.54,116.51,117.04,570400,ARE
2017-11-14,116.95,117.21,116.35,116.73,499100,ARE
2017-11-15,116.67,116.69,114.38,114.52,653300,ARE
2017-11-16,114.55,116.93,114.55,116.65,563000,ARE
2017-11-17,116.14,116.69,115.6,116.67,1306800,ARE
2017-11-20,116.59,117.22,116.16,116.7,518200,ARE
2017-11-21,117.03,118.32,116.79,118.29,526100,ARE
2017-11-22,117.76,118.59,117.35,117.35,361900,ARE
2017-11-24,117.4,117.92,117.12,117.2,158300,ARE
2017-11-27,117.61,118.23,117.17,117.61,349600,ARE
2017-11-28,117.52,118.21,116.07,116.35,660600,ARE
2017-11-29,116.29,117.51,114.55,117.37,695200,ARE
2017-11-30,117.17,117.86,116.96,117.45,1027500,ARE
2017-12-01,117.92,119.28,117.34,118.96,894400,ARE
2017-12-04,120.14,120.6,119.26,119.27,837300,ARE
2017-12-05,119.25,119.44,116.2,116.49,1278500,ARE
2017-12-06,116.84,117.43,116.18,117.26,635800,ARE
2017-12-07,117.34,118.6,116.83,118.48,834500,ARE
2017-12-08,119.02,120.29,118.53,120.17,596500,ARE
2017-12-11,120.38,120.67,119.82,120.35,447900,ARE
2017-12-12,120.31,121.76,119.58,121.47,788400,ARE
2017-12-13,121.26,122.22,121.1,121.24,777800,ARE
2017-12-14,121.63,122.43,121.27,121.92,609700,ARE
2017-12-15,122.53,122.94,121.96,122.8,1379900,ARE
2017-12-18,122.87,124.15,122.87,123.9,513000,ARE
2017-12-19,124.21,124.21,121.2,121.65,690000,ARE
2017-12-20,121.33,122.08,118.9,118.9,2323800,ARE
2017-12-21,118.91,119.62,118.5,119.09,438400,ARE
2017-12-22,119.52,120.08,118.97,119.67,283200,ARE
2017-12-26,119.76,120.74,119.39,120.53,404000,ARE
2017-12-27,121.04,121.68,120.74,121.31,556600,ARE
2017-12-28,121.72,121.91,120.9,121.62,513200,ARE
2017-12-29,121.68,122.0,121.32,121.55,372800,ARE
2018-01-02,121.93,121.93,120.7,120.94,540100,ARE
2018-01-03,121.14,121.25,120.0,120.37,470000,ARE
2018-01-04,116.68,119.52,116.53,117.97,2719600,ARE
2018-01-05,118.12,119.03,117.96,118.21,1075600,ARE
2018-01-08,118.55,119.31,118.05,118.47,919000,ARE
2018-01-09,118.43,118.5,117.35,117.58,865800,ARE
2018-01-10,117.55,117.55,115.86,116.61,1087400,ARE
2018-01-11,117.22,117.78,116.27,116.44,840100,ARE
2018-01-12,116.44,116.68,115.03,116.46,1622000,ARE
2018-01-16,116.61,117.84,116.2,116.28,558100,ARE
2018-01-17,116.78,117.41,115.65,116.81,1226900,ARE
2018-01-18,116.78,117.18,115.93,116.7,651500,ARE
2018-01-19,116.98,117.38,116.47,117.23,616700,ARE
2018-01-22,117.24,118.51,116.68,118.51,738600,ARE
2018-01-23,118.49,119.02,118.02,118.83,524000,ARE
2018-01-24,118.59,119.07,117.18,117.86,562100,ARE
2018-01-25,117.74,118.31,117.3,118.18,425300,ARE
2018-01-26,118.45,118.59,116.86,117.72,365700,ARE
2018-01-29,117.47,117.47,115.57,115.89,570700,ARE
2018-01-30,116.77,117.39,114.8,117.05,727400,ARE
2018-01-31,117.16,120.72,117.16,120.72,926200,ARE
2018-02-01,120.72,121.38,116.49,116.55,848200,ARE
2018-02-02,115.84,116.98,114.19,115.53,672200,ARE
2018-02-05,115.36,115.82,111.4,111.58,852100,ARE
2018-02-06,110.86,111.96,108.39,110.33,1051700,ARE
2018-02-07,110.02,112.54,109.62,110.73,963200,ARE
2018-02-08,110.38,112.05,106.11,106.65,1065900,ARE
2018-02-09,107.81,110.68,106.66,109.87,958200,ARE
2018-02-12,110.59,111.4,107.37,110.84,920100,ARE
2018-02-13,110.62,112.49,109.7,112.03,792500,ARE
2018-02-14,111.08,112.11,109.74,111.75,498800,ARE
2018-02-15,112.22,113.34,111.84,113.31,559400,ARE
2018-02-16,113.46,114.65,113.3,114.17,576000,ARE
2018-02-20,113.82,115.36,112.44,112.6,774500,ARE
2018-02-21,112.22,112.83,110.13,110.23,680900,ARE
2018-02-22,110.83,112.44,110.8,111.67,515600,ARE
2018-02-23,112.16,114.18,111.88,114.16,274000,ARE
2018-02-26,114.64,114.86,113.27,114.84,309000,ARE
2018-02-27,114.63,115.01,112.11,112.48,543400,ARE
2018-02-28,112.9,114.72,112.88,112.91,848300,ARE
2018-03-01,112.45,114.58,111.9,114.11,653900,ARE
2018-03-02,113.78,115.14,112.75,114.94,512000,ARE
2018-03-05,114.27,117.12,114.04,116.34,618800,ARE
2018-03-06,116.26,117.05,114.65,116.73,589500,ARE
2018-03-07,116.31,117.5,116.19,117.07,470500,ARE
2018-03-08,117.43,117.65,116.24,116.94,388100,ARE
2018-03-09,117.53,117.67,115.89,117.26,472000,ARE
2018-03-12,117.23,117.79,116.78,117.31,714500,ARE
2018-03-13,117.52,118.67,116.99,117.8,439500,ARE
2018-03-14,118.06,118.51,116.78,117.65,586300,ARE
2018-03-15,117.83,118.66,117.56,118.28,436500,ARE
2018-03-16,117.93,119.67,117.67,119.36,1269000,ARE
2018-03-19,119.37,119.57,117.74,118.43,490300,ARE
2018-03-20,118.54,119.33,117.19,117.64,621300,ARE
2018-03-21,117.65,117.68,115.84,116.68,365000,ARE
2018-03-22,116.14,117.11,113.59,113.72,1061600,ARE
2018-03-23,113.61,113.96,109.89,110.39,969000,ARE
2018-03-26,111.45,112.95,110.54,112.73,764900,ARE
2018-03-27,113.19,115.54,111.31,113.54,981100,ARE
2018-03-28,114.19,116.11,114.15,115.86,441200,ARE
2018-03-29,116.07,117.28,115.55,117.11,590900,ARE
2018-04-02,117.06,117.32,113.07,114.2,718300,ARE
2018-04-03,114.43,115.58,113.61,115.18,601400,ARE
2018-04-04,114.67,116.79,114.0,116.68,509900,ARE
2018-04-05,116.94,116.94,114.92,115.5,543100,ARE
2018-04-06,115.84,116.05,114.15,114.46,456300,ARE
2018-04-09,114.56,115.1,113.61,113.78,627500,ARE
2018-04-10,114.42,114.51,113.56,114.12,514200,ARE
2018-04-11,113.77,114.42,113.54,113.55,533300,ARE
2018-04-12,113.79,113.79,112.62,113.26,647600,ARE
2018-04-13,113.53,114.52,113.02,114.45,392400,ARE
2018-04-16,114.78,115.8,114.36,115.27,361000,ARE
2018-04-17,115.55,117.59,115.04,116.51,454600,ARE
2018-04-18,116.69,117.49,116.41,116.56,453200,ARE
2018-04-19,116.26,116.26,113.59,114.46,356200,ARE
2018-04-20,114.71,115.05,113.6,113.74,527300,ARE
2018-04-23,113.82,114.52,113.32,113.81,320300,ARE
2018-04-24,114.16,114.72,113.29,114.08,420000,ARE
2018-04-25,113.83,114.57,113.3,114.27,411400,ARE
2018-04-26,114.51,116.47,114.27,115.63,457600,ARE
2018-04-27,115.58,117.54,115.53,117.08,393200,ARE
2018-04-30,117.47,117.47,116.35,116.81,657300,ARE
2018-05-01,117.79,122.4,116.88,121.35,1224200,ARE
2018-05-02,120.73,120.9,118.49,119.62,1060500,ARE
2018-05-03,119.28,119.67,118.2,118.83,721400,ARE
2018-05-04,118.84,120.87,118.29,120.54,455200,ARE
2018-05-07,121.13,121.96,120.34,121.71,454900,ARE
2018-05-08,121.03,121.18,119.93,120.34,621600,ARE
2018-05-09,120.63,121.82,120.27,121.75,316600,ARE
2018-05-10,121.9,122.39,120.79,121.3,446600,ARE
2018-05-11,121.53,121.89,119.98,120.06,664200,ARE
2018-05-14,120.2,120.38,118.47,119.07,609500,ARE
2018-05-15,118.68,118.68,116.09,116.41,639900,ARE
2018-05-16,116.7,116.92,114.79,115.0,844500,ARE
2018-05-17,115.0,115.43,114.07,114.16,516200,ARE
2018-05-18,114.13,114.33,113.08,113.67,808900,ARE
2018-05-21,114.44,116.09,113.23,115.74,706100,ARE
2018-05-22,115.63,116.28,115.2,116.09,642600,ARE
2018-05-23,116.07,118.41,115.73,117.97,504100,ARE
2018-05-24,118.13,118.13,115.3,116.1,782700,ARE
2018-05-25,116.19,116.56,115.61,115.81,612600,ARE
2018-05-29,115.43,116.7,115.04,116.64,1026800,ARE
2018-05-30,116.86,118.35,116.31,117.52,1178700,ARE
2018-05-31,116.88,117.68,116.61,117.14,1356400,ARE
2018-06-01,117.44,117.93,116.46,117.76,905200,ARE
2018-06-04,118.19,119.42,117.92,119.28,549200,ARE
2018-06-05,119.53,120.08,118.35,118.72,591800,ARE
2018-06-06,118.31,118.82,117.79,118.45,770000,ARE
2018-06-07,118.94,118.97,117.47,118.47,563400,ARE
2018-06-08,118.37,119.57,117.86,119.27,598200,ARE
2018-06-11,119.38,119.38,116.9,117.47,861200,ARE
2018-06-12,117.22,119.27,117.22,118.92,608600,ARE
2018-06-13,118.89,119.39,117.21,117.87,877000,ARE
2018-06-14,118.16,120.22,117.68,119.71,599900,ARE
2018-06-15,119.94,120.6,119.49,119.88,1465100,ARE
2018-06-18,119.2,119.9,117.41,118.52,778000,ARE
2018-06-19,118.13,119.02,117.87,118.49,759900,ARE
2018-06-20,118.28,119.29,117.86,118.71,715700,ARE
2018-06-21,118.8,118.88,117.64,118.53,682100,ARE
2018-06-22,119.08,119.44,118.22,119.16,1155900,ARE
2018-06-25,119.38,119.38,117.47,118.09,885700,ARE
2018-06-26,118.33,118.56,117.77,117.77,585500,ARE
2018-06-27,118.06,118.29,117.02,117.04,714900,ARE
2018-06-28,117.3,119.52,117.22,119.36,692700,ARE
2018-06-29,119.07,120.52,118.13,119.2,945800,ARE
2018-07-02,118.94,119.52,116.63,118.73,542700,ARE
2018-07-03,118.8,120.47,118.38,119.65,319600,ARE
2018-07-05,119.78,120.75,119.31,120.6,825000,ARE
2018-07-06,120.83,121.6,120.27,120.61,480300,ARE
2018-07-09,121.11,121.41,120.22,121.12,769000,ARE
2018-07-10,120.89,121.26,120.15,120.34,556200,ARE
2018-07-11,120.09,121.87,120.09,120.95,734800,ARE
2018-07-12,121.25,121.27,120.27,120.86,1079300,ARE
2018-07-13,120.94,121.64,120.67,120.84,495600,ARE
2018-07-16,120.45,120.55,119.31,119.94,495900,ARE
2018-07-17,120.08,120.29,118.62,118.82,497800,ARE
2018-07-18,118.63,119.37,117.75,118.7,499500,ARE
2018-07-19,118.43,120.61,118.13,119.91,378400,ARE
2018-07-20,119.52,119.7,117.35,117.8,439600,ARE
2018-07-23,117.69,118.08,116.16,116.72,561100,ARE
2018-07-24,116.79,116.79,115.73,116.08,487000,ARE
2018-07-25,115.94,117.14,115.7,116.52,314600,ARE
2018-07-26,116.79,117.28,116.08,116.49,346600,ARE
2018-07-27,116.97,116.97,115.47,115.78,566200,ARE
2018-07-30,115.73,116.15,114.89,116.03,615000,ARE
2018-07-31,116.99,121.26,116.16,120.4,1437500,ARE
2018-08-01,119.23,121.26,118.52,121.09,679000,ARE
2018-08-02,120.38,121.12,119.0,119.08,662700,ARE
2018-08-03,119.08,120.43,118.53,120.42,429100,ARE
2018-08-06,120.44,121.25,119.95,121.12,567400,ARE
2018-08-07,120.77,120.77,119.9,120.43,398200,ARE
2018-08-08,120.62,120.88,119.74,119.83,261800,ARE
2018-08-09,119.61,119.94,119.23,119.48,328000,ARE
2018-08-10,119.23,119.72,118.12,118.29,411900,ARE
2018-08-13,118.38,118.88,117.3,117.32,499900,ARE
2018-08-14,117.41,117.97,116.36,117.62,592100,ARE
2018-08-15,117.7,119.89,117.64,119.74,464000,ARE
2018-08-16,119.53,121.9,119.53,121.51,587400,ARE
2018-08-17,121.46,122.62,121.22,122.59,433500,ARE
2018-08-20,123.21,123.21,121.15,121.31,441400,ARE
2018-08-21,120.79,121.78,120.09,120.26,516900,ARE
2018-08-22,120.16,120.54,118.71,119.53,523100,ARE
2018-08-23,119.73,120.61,119.37,119.53,347700,ARE
2018-08-24,119.41,119.95,118.65,119.63,392800,ARE
2018-08-27,119.98,120.03,118.61,119.37,439300,ARE
2018-08-28,119.3,121.35,118.97,121.26,420900,ARE
2018-08-29,121.54,121.7,120.54,121.0,459500,ARE
2018-08-30,121.09,121.29,119.89,120.31,712100,ARE
2018-08-31,120.43,121.42,120.37,121.26,537300,ARE
2018-09-04,120.99,121.19,118.82,119.02,455700,ARE
2018-09-05,118.55,120.7,118.11,120.46,882800,ARE
2018-09-06,120.73,121.88,120.45,121.5,1152800,ARE
2018-09-07,120.93,121.15,119.55,119.65,530000,ARE
2018-09-10,120.49,121.41,120.2,120.35,365700,ARE
2018-09-11,119.76,121.15,119.71,120.89,435700,ARE
2018-09-12,120.94,121.04,120.48,120.59,303700,ARE
2018-09-13,120.93,121.24,120.36,120.94,555300,ARE
2018-09-14,120.6,120.66,118.97,119.97,395400,ARE
2018-09-17,120.03,120.69,119.13,120.53,704500,ARE
2018-09-18,120.52,120.83,119.17,119.6,352900,ARE
2018-09-19,119.79,120.13,118.12,118.51,451000,ARE
2018-09-20,118.54,119.52,117.92,119.26,464800,ARE
2018-09-21,119.06,121.09,118.88,119.79,1484500,ARE
2018-09-24,119.47,120.13,116.81,117.48,397200,ARE
2018-09-25,117.45,117.82,115.94,116.43,608900,ARE
2018-09-26,116.48,116.99,115.51,115.66,711900,ARE
2018-09-27,116.25,117.93,115.92,116.83,599900,ARE
2018-09-28,116.95,119.84,116.95,119.75,792800,ARE
2018-10-01,119.36,119.98,117.23,117.43,675100,ARE
2018-10-02,117.55,117.92,116.78,117.47,359900,ARE
2018-10-03,117.47,118.48,116.07,117.07,510500,ARE
2018-10-04,116.58,117.06,115.25,116.77,403900,ARE
2018-10-05,116.92,117.87,116.76,116.98,502800,ARE
2018-10-08,117.14,120.06,117.06,119.33,852700,ARE
2018-10-09,119.15,119.95,117.95,119.91,811500,ARE
2018-10-10,119.37,120.79,118.71,118.72,724700,ARE
2018-10-11,119.0,119.01,113.82,114.04,1062900,ARE
2018-10-12,114.91,115.66,113.51,114.27,872000,ARE
2018-10-15,113.76,117.11,113.76,115.25,642900,ARE
2018-10-16,115.7,117.89,115.17,117.52,586300,ARE
2018-10-17,117.42,117.8,115.77,116.68,625600,ARE
2018-10-18,116.63,117.93,115.61,115.94,436500,ARE
2018-10-19,116.09,116.99,115.84,116.54,644400,ARE
2018-10-22,116.77,117.18,114.71,114.77,580900,ARE
2018-10-23,114.18,117.15,113.83,116.62,603800,ARE
2018-10-24,116.41,118.49,116.13,117.32,463300,ARE
2018-10-25,117.41,119.22,116.78,118.67,406000,ARE
2018-10-26,118.02,118.36,114.72,115.27,447800,ARE
2018-10-29,116.14,117.5,115.96,117.27,443400,ARE
2018-10-30,118.25,122.18,115.74,118.0,864500,ARE
2018-10-31,118.28,118.41,115.7,116.36,922500,ARE
2018-11-01,116.76,117.79,116.04,116.42,754800,ARE
2018-11-02,116.42,116.69,113.19,114.35,656700,ARE
2018-11-05,114.77,117.14,114.77,116.7,756200,ARE
2018-11-06,116.85,118.23,116.43,117.32,468500,ARE
2018-11-07,117.65,119.41,117.0,119.29,432600,ARE
2018-11-08,118.87,119.8,118.01,119.1,290500,ARE
2018-11-09,119.04,119.58,118.03,118.48,574000,ARE
2018-11-12,118.49,119.98,117.78,117.98,375100,ARE
2018-11-13,118.22,118.46,116.52,117.4,583700,ARE
2018-11-14,118.02,118.35,117.21,117.89,503800,ARE
2018-11-15,117.17,117.17,115.04,115.98,425700,ARE
2018-11-16,115.56,116.95,115.41,116.93,685100,ARE
2018-11-19,117.27,118.15,115.64,116.23,699700,ARE
2018-11-20,116.11,116.7,114.56,114.96,795100,ARE
2018-11-21,114.89,117.15,114.66,116.09,514500,ARE
2018-11-23,115.97,116.4,114.96,115.75,125600,ARE
2018-11-26,116.47,117.45,115.66,116.87,405800,ARE
2018-11-27,116.78,116.88,115.36,116.62,517600,ARE
2018-11-28,116.64,118.25,116.61,118.25,513100,ARE
2018-11-29,118.04,118.04,116.45,116.5,684300,ARE
2018-11-30,117.16,119.24,116.76,118.52,1376900,ARE
2018-12-03,119.92,119.97,118.49,119.85,816400,ARE
2018-12-04,119.94,120.31,117.42,117.61,765800,ARE
2018-12-06,117.54,121.03,115.66,120.98,1264800,ARE
2018-12-07,120.72,121.3,119.18,120.11,816800,ARE
2018-12-10,120.15,120.67,118.04,119.72,798400,ARE
2018-12-11,120.2,121.57,118.53,118.64,938800,ARE
2018-12-12,119.57,120.11,115.29,115.46,784800,ARE
2018-12-13,115.83,118.46,115.83,117.09,735600,ARE
2018-12-14,117.12,117.36,115.22,116.62,792700,ARE
2018-12-17,117.03,117.97,112.46,113.05,1210200,ARE
2018-12-18,113.59,115.24,113.33,114.46,773300,ARE
2018-12-19,114.69,115.64,113.42,114.18,1082100,ARE
2018-12-20,114.17,114.45,111.3,111.78,914200,ARE
2018-12-21,111.98,113.14,109.68,109.8,1795700,ARE
2018-12-24,109.85,109.93,104.84,104.98,449300,ARE
2018-12-26,105.53,108.51,103.8,108.5,637100,ARE
2018-12-27,107.69,109.07,105.56,108.99,657700,ARE
2018-12-28,110.06,110.37,107.54,109.39,932100,ARE
2018-12-31,109.45,110.66,108.26,110.64,675900,ARE
2019-01-02,109.72,109.72,106.24,106.93,544700,ARE
2019-01-03,106.91,109.54,106.68,107.81,809700,ARE
2019-01-04,108.58,110.26,108.35,108.91,685900,ARE
2019-01-07,108.96,110.76,108.96,109.59,636700,ARE
2019-01-08,110.09,112.49,110.09,112.13,974000,ARE
2019-01-09,112.43,112.88,111.18,112.62,788400,ARE
2019-01-10,112.52,114.96,111.89,114.8,620700,ARE
2019-01-11,114.68,115.68,113.77,115.54,702000,ARE
2019-01-14,115.16,115.39,114.16,114.43,685100,ARE
2019-01-15,114.61,116.19,114.61,116.1,357600,ARE
2019-01-16,115.76,117.37,115.56,117.04,726900,ARE
2019-01-17,116.69,117.92,116.63,117.85,1019800,ARE
2019-01-18,118.43,119.58,118.27,119.3,772400,ARE
2019-01-22,119.0,119.52,118.34,119.42,764600,ARE
2019-01-23,119.36,119.77,118.33,118.86,737700,ARE
2019-01-24,118.74,118.97,117.88,118.33,429000,ARE
2019-01-25,118.85,120.46,118.47,120.41,508900,ARE
2019-01-28,119.87,121.26,119.87,121.23,653700,ARE
2019-01-29,121.17,123.04,120.86,122.97,693800,ARE
2019-01-30,123.19,124.42,122.84,124.2,697700,ARE
2019-01-31,123.93,126.62,122.84,126.45,869700,ARE
2019-02-01,126.5,126.93,122.86,125.43,811200,ARE
2019-02-04,125.18,125.72,124.2,125.72,841300,ARE
2019-02-05,126.48,126.54,123.85,124.57,885300,ARE
2019-02-06,124.36,124.47,123.13,123.86,762600,ARE
2019-02-07,123.76,127.68,123.57,127.42,974300,ARE
2019-02-08,126.93,127.69,126.21,127.09,561200,ARE
2019-02-11,126.98,128.42,126.4,128.37,730200,ARE
2019-02-12,128.38,128.74,126.99,127.27,785200,ARE
2019-02-13,126.69,129.33,126.45,129.14,573900,ARE
2019-02-14,129.06,129.51,127.62,128.55,527100,ARE
2019-02-15,129.12,129.61,128.62,129.48,628700,ARE
2019-02-19,129.76,130.76,128.88,130.28,486400,ARE
2019-02-20,130.02,130.08,128.38,129.58,540600,ARE
2019-02-21,129.04,130.24,128.06,130.08,561900,ARE
2019-02-22,130.38,131.93,129.88,131.26,583200,ARE
2019-02-25,131.5,131.56,130.48,130.59,458600,ARE
2019-02-26,130.88,131.05,130.07,130.69,607000,ARE
2019-02-27,129.81,130.73,128.53,129.57,659700,ARE
2019-02-28,129.69,132.28,128.82,130.47,1150300,ARE
2019-03-01,130.67,131.11,128.9,130.49,742400,ARE
2019-03-04,130.9,131.6,129.84,131.5,670900,ARE
2019-03-05,131.49,132.69,131.18,131.92,697700,ARE
2019-03-06,132.07,132.72,131.55,132.06,671500,ARE
2019-03-07,132.22,132.78,130.88,131.25,705400,ARE
2019-03-08,131.02,132.26,130.81,132.11,731000,ARE
2019-03-11,132.66,134.03,132.66,133.83,783900,ARE
2019-03-12,134.09,135.4,133.75,134.56,832500,ARE
2019-03-13,134.9,136.39,134.9,135.7,793200,ARE
2019-03-14,135.51,136.23,135.46,136.2,765200,ARE
2019-03-15,136.2,136.47,134.54,134.91,2373900,ARE
2019-03-18,135.2,136.2,133.83,134.63,734300,ARE
2019-03-19,134.66,134.94,133.58,134.12,627900,ARE
2019-03-20,134.13,135.39,132.99,134.69,748800,ARE
2019-03-21,134.28,137.3,134.06,136.77,594600,ARE
2019-03-22,136.49,137.82,136.01,136.07,436400,ARE
2019-03-25,136.1,136.68,134.87,136.02,363000,ARE
2019-03-26,136.2,138.14,136.2,138.09,416800,ARE
2019-03-27,138.07,138.35,136.46,137.21,412100,ARE
2019-03-28,137.54,138.49,136.98,138.45,432100,ARE
2019-03-29,138.5,138.5,137.25,137.81,755400,ARE
2019-04-01,137.87,138.24,135.84,136.82,845200,ARE
2019-04-02,137.13,138.63,135.72,138.45,651900,ARE
2019-04-03,138.31,138.81,137.3,138.74,714500,ARE
2019-04-04,138.65,138.65,137.35,138.36,373900,ARE
2019-04-05,138.14,139.27,137.52,139.17,378800,ARE
2019-04-08,139.36,139.64,137.93,138.84,417100,ARE
2019-04-09,138.68,138.9,138.13,138.35,347400,ARE
2019-04-10,138.7,139.12,138.04,139.04,616500,ARE
2019-04-11,139.18,139.5,138.23,138.72,508000,ARE
2019-04-12,138.78,139.54,137.72,139.54,515400,ARE
2019-04-15,139.44,139.44,138.27,138.87,351100,ARE
2019-04-16,138.89,139.11,133.6,134.58,874800,ARE
2019-04-17,134.8,134.8,131.78,131.85,1122700,ARE
2019-04-18,131.95,135.29,131.76,134.04,747400,ARE
2019-04-22,133.73,133.85,131.61,132.93,670200,ARE
2019-04-23,133.67,136.11,132.94,135.85,681700,ARE
2019-04-24,136.25,137.78,135.96,137.48,406700,ARE
2019-04-25,137.0,138.22,136.35,137.62,399300,ARE
2019-04-26,138.33,138.78,137.72,138.54,290700,ARE
2019-04-29,138.38,138.59,136.04,136.19,554300,ARE
2019-04-30,136.75,138.3,135.92,137.64,891400,ARE
2019-05-01,137.81,139.03,136.84,137.26,555900,ARE
2019-05-02,137.44,138.94,136.09,136.22,624000,ARE
2019-05-03,136.33,138.27,135.94,137.56,532500,ARE
2019-05-06,136.48,137.72,136.18,137.14,325600,ARE
2019-05-07,136.83,136.85,134.13,134.86,432500,ARE
2019-05-08,135.07,136.87,134.96,135.12,557800,ARE
2019-05-09,134.73,136.41,133.85,136.11,543600,ARE
2019-05-10,135.97,138.14,135.94,137.97,538400,ARE
2019-05-13,136.65,138.6,136.53,137.93,657800,ARE
2019-05-14,137.91,139.61,137.91,139.05,611800,ARE
2019-05-15,139.09,141.33,138.76,140.69,3376600,ARE
2019-05-16,140.75,142.67,140.75,141.6,1376400,ARE
2019-05-17,140.96,141.85,140.25,141.42,516600,ARE
2019-05-20,141.46,141.81,139.32,139.99,597100,ARE
2019-05-21,140.07,141.94,140.02,141.18,864300,ARE
2019-05-22,141.18,141.42,140.44,140.71,467300,ARE
2019-05-23,140.32,140.32,138.57,139.25,1115300,ARE
2019-05-24,139.92,140.78,139.01,140.49,978200,ARE
2019-05-28,141.11,141.71,139.85,140.0,1279300,ARE
2019-05-29,139.97,140.04,138.44,139.35,740100,ARE
2019-05-30,139.67,140.95,139.44,140.69,534800,ARE
2019-05-31,140.12,142.25,139.76,141.53,555000,ARE
2019-06-03,141.87,142.61,141.05,142.36,813100,ARE
2019-06-04,142.87,142.87,140.14,142.22,810000,ARE
2019-06-05,142.83,145.66,142.64,145.62,673200,ARE
2019-06-06,145.93,146.2,144.69,145.64,456900,ARE
2019-06-07,146.25,147.18,145.62,145.68,402700,ARE
2019-06-10,145.85,145.91,144.44,145.31,341500,ARE
2019-06-11,145.93,145.99,144.3,145.99,545100,ARE
2019-06-12,146.07,147.58,145.84,146.93,364500,ARE
2019-06-13,146.95,147.72,146.82,147.67,353100,ARE
2019-06-14,147.58,148.39,145.96,146.26,644600,ARE
2019-06-17,146.31,146.76,143.91,144.19,1490500,ARE
2019-06-18,145.06,145.89,142.62,143.78,1126700,ARE
2019-06-19,144.12,145.06,142.81,144.56,978800,ARE
2019-06-20,145.21,145.59,144.39,144.93,1056400,ARE
2019-06-21,141.07,141.49,140.11,140.44,6812200,ARE
2019-06-24,141.12,141.37,139.86,140.77,1250200,ARE
2019-06-25,141.06,141.5,137.16,137.43,1279300,ARE
2019-06-26,137.68,137.91,132.86,134.28,1687800,ARE
2019-06-27,134.93,136.69,134.93,136.37,1234400,ARE
2019-06-28,136.53,138.31,136.28,137.38,1297500,ARE
2019-07-01,138.44,139.8,137.41,139.42,1038100,ARE
2019-07-02,139.65,140.8,139.32,140.47,954400,ARE
2019-07-03,140.47,142.06,140.41,141.96,380600,ARE
2019-07-05,140.87,141.56,139.0,141.18,433900,ARE
2019-07-08,140.94,143.08,140.94,141.9,623500,ARE
2019-07-09,141.74,144.15,141.74,144.08,1061000,ARE
2019-07-10,144.68,145.92,143.93,145.0,1051000,ARE
2019-07-11,145.0,145.0,141.33,141.42,650600,ARE
2019-07-12,141.68,142.19,140.84,141.86,640700,ARE
2019-07-15,142.05,142.39,141.13,141.5,579800,ARE
2019-07-16,141.27,141.27,139.19,139.27,498000,ARE
2019-07-17,139.69,139.93,138.14,139.23,349400,ARE
2019-07-18,139.15,140.45,138.36,140.06,1282900,ARE
2019-07-19,140.42,140.42,137.72,137.85,627600,ARE
2019-07-22,137.79,138.26,136.99,137.18,482700,ARE
2019-07-23,137.6,138.86,136.41,138.64,480200,ARE
2019-07-24,138.81,139.53,138.17,139.1,440100,ARE
2019-07-25,139.15,139.71,138.32,139.29,634000,ARE
2019-07-26,139.74,140.34,138.9,139.68,814500,ARE
2019-07-29,140.11,141.65,139.72,140.35,535700,ARE
2019-07-30,142.42,146.51,142.42,144.12,1319400,ARE
2019-07-31,143.67,145.51,141.76,142.51,709200,ARE
2019-08-01,142.19,142.94,141.21,141.71,631500,ARE
2019-08-02,141.71,141.77,140.52,141.06,500100,ARE
2019-08-05,140.29,140.29,137.26,138.91,774300,ARE
2019-08-06,139.31,141.4,138.82,140.48,716800,ARE
2019-08-07,139.73,141.74,138.09,140.56,529900,ARE
2019-08-08,140.67,143.23,140.07,142.59,402900,ARE
2019-08-09,142.13,143.11,139.86,141.49,566800,ARE
2019-08-12,141.21,141.73,138.92,139.09,746500,ARE
2019-08-13,139.35,140.79,138.29,140.46,743300,ARE
2019-08-14,139.94,140.68,138.85,139.39,710500,ARE
2019-08-15,140.04,141.45,139.66,141.34,900500,ARE
2019-08-16,141.66,144.45,141.57,144.2,684600,ARE
2019-08-19,145.26,146.09,144.55,145.03,970700,ARE
2019-08-20,145.89,145.89,143.85,143.95,530600,ARE
2019-08-21,144.42,145.6,144.04,144.64,493900,ARE
2019-08-22,145.03,145.73,144.25,145.48,315400,ARE
2019-08-23,145.04,146.63,142.57,142.96,505700,ARE
2019-08-26,143.94,144.04,141.71,143.36,770800,ARE
2019-08-27,144.04,144.46,142.33,142.39,558700,ARE
2019-08-28,142.75,144.13,142.19,143.53,299500,ARE
2019-08-29,144.29,145.75,144.04,145.45,440100,ARE
2019-08-30,146.03,146.34,145.12,145.89,728600,ARE
2019-09-03,145.59,146.56,144.98,146.04,552700,ARE
2019-09-04,146.94,148.63,146.72,148.57,713700,ARE
2019-09-05,148.55,148.65,147.48,148.18,615900,ARE
2019-09-06,148.24,149.67,148.12,149.08,583500,ARE
2019-09-09,149.35,149.35,147.63,148.53,473300,ARE
2019-09-10,147.85,147.96,145.72,147.62,521100,ARE
2019-09-11,147.2,148.78,146.68,148.32,418100,ARE
2019-09-12,149.51,150.35,148.29,149.34,870400,ARE
2019-09-13,149.02,150.12,146.98,147.53,513700,ARE
2019-09-16,147.39,149.23,146.96,149.13,458000,ARE
2019-09-17,149.35,150.14,148.8,149.87,453700,ARE
2019-09-18,150.28,150.33,147.66,148.99,783100,ARE
2019-09-19,149.71,150.79,149.29,149.98,371400,ARE
2019-09-20,150.5,151.13,149.37,149.4,961300,ARE
2019-09-23,148.82,150.68,148.81,149.5,529500,ARE
2019-09-24,149.91,150.53,148.34,149.12,484700,ARE
2019-09-25,149.03,150.0,148.38,149.48,434700,ARE
2019-09-26,149.95,151.88,149.4,151.14,491900,ARE
2019-09-27,151.35,151.77,148.19,150.05,901400,ARE
2019-09-30,149.96,151.43,149.87,150.96,528200,ARE
2019-10-01,150.95,151.29,148.38,150.07,441800,ARE
2019-10-02,149.16,149.46,147.66,148.86,615800,ARE
2019-10-03,148.94,151.18,148.54,151.05,541700,ARE
2019-10-04,151.34,152.59,151.15,151.7,869200,ARE
2019-10-07,150.95,152.5,150.59,151.26,596600,ARE
2019-10-08,150.83,151.6,149.5,150.04,521600,ARE
2019-10-09,150.97,151.61,150.06,150.77,346400,ARE
2019-10-10,150.98,151.53,150.13,151.04,734600,ARE
2019-10-11,151.71,151.93,150.72,150.89,554400,ARE
2019-10-14,150.93,151.06,149.73,150.79,432500,ARE
2019-10-15,150.31,150.55,148.53,150.21,646900,ARE
2019-10-16,149.92,152.42,149.27,152.16,475300,ARE
2019-10-17,151.98,152.75,151.63,152.2,643900,ARE
2019-10-18,152.77,153.09,151.22,152.89,432000,ARE
2019-10-21,152.91,154.43,152.5,154.4,540000,ARE
2019-10-22,154.54,154.89,152.82,153.99,547400,ARE
2019-10-23,154.15,154.87,153.47,154.57,621800,ARE
2019-10-24,154.79,156.07,153.82,155.97,497200,ARE
2019-10-25,155.85,155.85,154.68,155.08,488300,ARE
2019-10-28,154.96,155.7,154.32,155.7,748700,ARE
2019-10-29,155.22,156.04,152.85,153.18,697500,ARE
2019-10-30,153.37,155.97,152.79,155.88,1086200,ARE
2019-10-31,156.54,157.04,154.31,155.57,686400,ARE
2019-11-01,156.1,156.61,153.99,155.25,618800,ARE
2019-11-04,154.96,155.32,153.49,154.05,501300,ARE
2019-11-05,153.59,154.16,151.34,151.98,784000,ARE
2019-11-06,152.4,153.51,151.47,151.91,517000,ARE
2019-11-07,151.26,151.76,150.41,150.8,1152900,ARE
2019-11-08,150.24,150.85,149.63,150.83,641700,ARE
2019-11-11,150.66,152.35,150.66,152.02,477300,ARE
2019-11-12,151.8,153.07,151.33,151.63,967100,ARE
2019-11-13,151.94,154.06,151.76,153.47,671500,ARE
2019-11-14,153.63,154.61,153.6,154.31,396300,ARE
2019-11-15,154.4,155.61,154.16,155.58,548800,ARE
2019-11-18,155.69,156.43,155.65,156.3,387200,ARE
2019-11-19,156.59,156.59,155.57,156.15,743000,ARE
2019-11-20,156.19,157.16,155.66,156.83,422000,ARE
2019-11-21,156.5,156.52,154.81,155.83,650700,ARE
2019-11-22,156.21,157.25,155.55,156.47,768500,ARE
2019-11-25,157.08,158.78,156.93,157.59,1020600,ARE
2019-11-26,157.43,158.27,157.07,158.01,1478700,ARE
2019-11-27,157.95,159.28,157.33,159.06,448000,ARE
2019-11-29,159.46,160.24,158.8,159.27,322600,ARE
2019-12-02,159.15,159.6,156.38,156.42,817100,ARE
2019-12-03,156.34,158.3,156.34,158.05,527400,ARE
2019-12-04,157.74,159.53,156.83,156.87,621000,ARE
2019-12-05,156.85,158.32,156.05,157.85,532300,ARE
2019-12-06,158.01,159.89,157.98,158.7,543500,ARE
2019-12-09,158.66,159.39,157.74,159.15,561400,ARE
2019-12-10,159.15,160.01,158.42,158.8,638500,ARE
2019-12-11,159.13,159.13,155.28,155.9,623600,ARE
2019-12-12,156.3,157.18,153.61,153.71,822400,ARE
2019-12-13,153.9,155.09,152.31,153.34,696600,ARE
2019-12-16,154.09,154.27,152.04,153.24,880400,ARE
2019-12-17,153.79,153.95,151.5,151.8,561400,ARE
2019-12-18,152.18,155.12,152.07,154.97,690300,ARE
2019-12-19,154.93,156.73,154.6,156.62,524700,ARE
2019-12-20,157.11,157.41,156.03,156.05,1753000,ARE
2019-12-23,156.41,156.64,155.94,156.02,1390000,ARE
2019-12-24,156.27,157.55,155.61,156.9,440400,ARE
2019-12-26,157.03,157.45,156.32,156.83,388100,ARE
2019-12-27,157.77,158.03,156.6,157.19,807000,ARE
2019-12-30,157.15,157.86,156.99,157.49,969800,ARE
2019-12-31,157.44,159.42,157.03,159.37,582900,ARE
2020-01-02,159.71,160.2,156.35,157.54,1094900,ARE
2020-01-03,156.33,159.15,156.33,158.44,371300,ARE
2020-01-06,157.85,159.37,157.41,158.83,604700,ARE
2020-01-07,154.35,155.37,152.58,153.63,4543900,ARE
2020-01-08,154.36,155.84,153.65,155.67,2239300,ARE
2020-01-09,155.75,156.23,154.88,155.12,1644600,ARE
2020-01-10,155.43,156.57,154.71,156.4,1155300,ARE
2020-01-13,157.03,158.77,157.03,158.58,1216300,ARE
2020-01-14,158.35,158.7,156.42,158.26,1023500,ARE
2020-01-15,158.95,161.48,158.63,160.07,875700,ARE
2020-01-16,160.72,162.2,160.61,161.57,673200,ARE
2020-01-17,161.9,162.11,160.57,160.67,1963400,ARE
2020-01-21,161.1,162.74,160.87,162.55,1188800,ARE
2020-01-22,162.84,163.41,160.45,161.05,467400,ARE
2020-01-23,161.44,163.35,160.37,163.15,491700,ARE
2020-01-24,163.47,163.47,161.45,162.41,484300,ARE
2020-01-27,161.39,162.41,161.12,161.55,558100,ARE
2020-01-28,161.65,162.87,161.18,162.13,518500,ARE
2020-01-29,162.64,163.19,161.33,162.27,569000,ARE
2020-01-30,161.76,163.09,161.38,162.23,603000,ARE
2020-01-31,161.8,162.45,160.32,160.97,560100,ARE
2020-02-03,161.61,163.73,161.46,162.56,1126700,ARE
2020-02-04,163.14,166.74,163.14,165.49,814300,ARE
2020-02-05,165.89,166.8,165.04,165.63,595300,ARE
2020-02-06,166.2,167.53,165.13,165.54,771700,ARE
2020-02-07,166.12,166.12,164.58,165.26,931900,ARE
2020-02-10,166.08,168.24,165.87,168.24,514300,ARE
2020-02-11,168.65,170.24,168.15,169.3,550800,ARE
2020-02-12,169.69,171.67,169.02,171.04,779000,ARE
2020-02-13,171.03,172.41,170.93,171.21,630300,ARE
2020-02-14,171.42,172.63,171.21,172.54,463600,ARE
2020-02-18,172.68,173.34,170.9,171.47,477400,ARE
2020-02-19,171.47,171.62,166.86,166.88,773000,ARE
2020-02-20,166.69,167.06,165.76,166.41,770400,ARE
2020-02-21,165.99,166.41,164.95,165.68,916200,ARE
2020-02-24,163.8,165.18,162.98,164.46,955500,ARE
2020-02-25,164.73,164.9,160.78,161.41,763000,ARE
2020-02-26,161.79,162.92,160.65,160.85,945800,ARE
2020-02-27,159.23,160.5,152.46,152.56,1388700,ARE
2020-02-28,150.3,151.71,145.81,149.8,1578000,ARE
2020-03-02,150.8,153.82,149.32,153.45,1201500,ARE
2020-03-03,154.21,158.14,152.35,155.59,1153700,ARE
2020-03-04,157.6,161.2,157.15,161.2,1052700,ARE
2020-03-05,158.56,160.49,156.81,158.74,834600,ARE
2020-03-06,156.21,157.75,152.37,156.88,934700,ARE
2020-03-09,151.26,152.3,145.89,146.27,1064200,ARE
2020-03-10,149.43,155.1,145.95,154.97,1146800,ARE
2020-03-11,151.29,151.75,147.95,149.32,1048100,ARE
2020-03-12,139.78,143.68,134.27,134.52,1336900,ARE
2020-03-13,140.26,146.32,131.62,145.72,2054300,ARE
2020-03-16,132.49,132.49,120.08,120.64,1603900,ARE
2020-03-17,123.67,133.65,118.42,133.33,1442300,ARE
2020-03-18,124.97,132.46,122.33,131.13,1545000,ARE
2020-03-19,129.15,134.5,126.68,130.19,1116000,ARE
2020-03-20,131.75,132.81,119.43,121.62,2560000,ARE
2020-03-23,120.33,120.33,107.73,113.35,1195400,ARE
2020-03-24,118.02,127.93,115.63,127.74,1061800,ARE
2020-03-25,126.51,137.84,125.26,131.57,1356700,ARE
2020-03-26,132.56,140.44,129.01,139.86,2473900,ARE
2020-03-27,135.28,144.54,133.74,141.51,1533200,ARE
2020-03-30,143.04,144.79,137.84,143.7,1095400,ARE
2020-03-31,139.08,141.81,132.15,136.16,1869300,ARE
2020-04-01,130.81,132.34,126.73,130.38,979500,ARE
2020-04-02,128.16,131.56,126.59,130.52,1229100,ARE
2020-04-03,128.56,132.15,127.7,129.14,780900,ARE
2020-04-06,136.19,140.44,133.82,136.78,999100,ARE
2020-04-07,142.44,144.83,137.05,137.36,820100,ARE
2020-04-08,138.89,147.92,136.74,146.47,857500,ARE
2020-04-09,148.27,157.43,148.27,156.77,1360100,ARE
2020-04-13,157.06,157.06,143.85,146.38,762500,ARE
2020-04-14,149.94,155.5,149.77,154.34,618600,ARE
2020-04-15,151.05,154.18,147.83,151.01,981200,ARE
2020-04-16,151.29,152.15,149.03,151.07,1010800,ARE
2020-04-17,153.81,155.3,152.01,154.29,454300,ARE
2020-04-20,152.49,154.57,149.68,150.0,579300,ARE
2020-04-21,146.51,149.04,144.64,146.43,657800,ARE
2020-04-22,149.45,154.07,147.26,149.95,497000,ARE
2020-04-23,149.91,152.99,146.68,146.99,825700,ARE
2020-04-24,148.37,150.17,146.9,148.51,542900,ARE
2020-04-27,150.24,150.9,147.83,149.79,619200,ARE
2020-04-28,152.0,154.79,150.02,151.17,647400,ARE
2020-04-29,154.03,156.75,149.57,155.35,788900,ARE
2020-04-30,153.6,156.61,150.92,156.06,889200,ARE
2020-05-01,152.47,154.12,148.73,150.0,703900,ARE
2020-05-04,148.42,149.86,145.99,148.6,436600,ARE
2020-05-05,149.04,153.63,149.02,151.95,729200,ARE
2020-05-06,152.3,153.01,149.14,150.18,428100,ARE
2020-05-07,151.64,153.4,150.06,150.5,572100,ARE
2020-05-08,153.2,153.89,149.96,151.0,456500,ARE
2020-05-11,149.96,153.14,148.51,150.81,784700,ARE
2020-05-12,151.4,151.4,146.3,147.23,988900,ARE
2020-05-13,146.28,147.66,141.31,142.52,1252900,ARE
2020-05-14,140.03,142.23,135.63,139.61,1041500,ARE
2020-05-15,138.11,140.82,136.1,140.5,1804700,ARE
2020-05-18,145.42,148.82,143.82,144.41,986300,ARE
2020-05-19,143.62,146.05,143.62,144.36,720500,ARE
2020-05-20,145.95,147.36,143.55,145.26,860300,ARE
2020-05-21,144.06,146.83,143.91,144.48,484800,ARE
2020-05-22,144.16,146.57,144.1,146.03,549300,ARE
2020-05-26,148.35,150.8,148.3,149.53,683700,ARE
2020-05-27,151.17,152.33,146.31,150.46,770900,ARE
2020-05-28,152.27,154.36,150.62,154.12,1038100,ARE
2020-05-29,152.6,153.75,151.36,152.71,1875500,ARE
2020-06-01,152.49,154.22,151.57,153.09,616200,ARE
2020-06-02,154.25,154.25,151.89,153.95,687300,ARE
2020-06-03,154.15,155.72,153.27,153.71,1204100,ARE
2020-06-04,151.92,152.59,148.64,150.14,751700,ARE
2020-06-05,154.73,158.62,153.62,157.55,1127000,ARE
2020-06-08,160.68,161.38,157.52,159.03,910300,ARE
2020-06-09,156.79,160.2,155.05,159.04,750000,ARE
2020-06-10,158.66,158.97,155.61,156.89,813400,ARE
2020-06-11,151.99,154.57,150.6,151.39,874500,ARE
2020-06-12,155.63,158.71,152.95,158.23,1166400,ARE
2020-06-15,154.44,164.67,154.44,164.3,1724700,ARE
2020-06-16,169.38,172.36,166.01,168.07,1288000,ARE
2020-06-17,169.23,170.71,166.25,169.81,999900,ARE
2020-06-18,168.07,170.23,166.02,169.12,3038800,ARE
2020-06-19,171.99,172.13,164.28,164.75,5600100,ARE
2020-06-22,164.96,167.88,163.19,167.4,1035700,ARE
2020-06-23,169.45,169.76,165.61,166.24,790000,ARE
2020-06-24,164.24,166.61,159.23,162.41,891400,ARE
2020-06-25,161.83,165.66,160.75,165.51,589200,ARE
2020-06-26,166.49,166.7,160.05,160.77,976600,ARE
2020-06-29,162.21,162.21,159.18,161.63,516500,ARE
2020-06-30,161.97,163.32,161.16,162.25,817500,ARE
2020-07-01,162.94,166.47,162.76,165.41,656700,ARE
2020-07-02,168.01,168.44,163.11,165.04,1135458,ARE
